2285.68000030518,dev_ign,event,mov,85670
,_result,117795,2026-04-16T19:16:01.961488842Z,2026-04-16T20:16:01.961488842Z,2026-04-16T19:43:41Z,72286.68000030518,dev_ign,event,mov,85670
,_result,117795,2026-04-16T19:16:01.961488842Z,2026-04-16T20:16:01.961488842Z,2026-04-16T20:06:39Z,72291.68000030518,dev_ign,event,mov,85670
,_result,117795,2026-04-16T19:16:01.961488842Z,2026-04-16T20:16:01.961488842Z,2026-04-16T20:12:53Z,72496.67000031471,dev_ign,event,mov,85670
,_result,117796,2026-04-16T19:16:01.961488842Z,2026-04-16T20:16:01.961488842Z,2026-04-16T20:11:49Z,-101.76876,lon,event,ignon,86528
,_result,117797,2026-04-16T19:16:01.961488842Z,2026-04-16T20:16:01.961488842Z,2026-04-16T19:55:08Z,18,kph,event,ignon,84832

,result,table,_start,_stop,_time,_value,_field,_measurement,label,primary_group,primary_name,vid
,_result,117798,2026-04-16T19:16:01.961488842Z,2026-04-16T20:16:01.961488842Z,2026-04-16T19:59:59Z,21235,dev_dist,providers,field_value,41219,3N6AD35A5TK804025,85571

,result,table,_start,_stop,_time,_value,_field,_measurement,label,vid
,_result,117799,2026-04-16T19:16:01.961488842Z,2026-04-16T20:16:01.961488842Z,2026-04-16T19:35:20Z,8518429481792925,event_id,event,ignoff,85184
,_result,117800,2026-04-16T19:16:01.961488842Z,2026-04-16T20:16:01.961488842Z,2026-04-16T19:17:21Z,-76.78161,lon,event,ignon,84215

,result,table,_start,_stop,_time,_value,_field,_measurement,label,vid
,_result,117801,2026-04-16T19:16:01.961488842Z,2026-04-16T20:16:01.961488842Z,2026-04-16T19:30:43Z,864002070758777,vinfo.description,event,ignoff,84576

,result,table,_start,_stop,_time,_value,_field,_measurement,label,primary_group,primary_name,provider,vid
,_result,117802,2026-04-16T19:16:01.961488842Z,2026-04-16T20:16:01.961488842Z,2026-04-16T19:59:53Z,JIMMY CALLEJAS RODRIGUEZ,primary_group_name,providers,label_count,41317,3HSDZAPR8JN732488,teltonika,85636
,_result,117802,2026-04-16T19:16:01.961488842Z,2026-04-16T20:16:01.961488842Z,2026-04-16T20:02:53Z,JIMMY CALLEJAS RODRIGUEZ,primary_group_name,providers,label_count,41317,3HSDZAPR8JN732488,teltonika,85636

,result,table,_start,_stop,_time,_value,_field,_measurement,label,vid
,_result,117803,2026-04-16T19:16:01.961488842Z,2026-04-16T20:16:01.961488842Z,2026-04-16T19:41:47Z,36,kph,event,posac,83485

,result,table,_start,_stop,_time,_value,_field,_measurement,label,primary_group,primary_name,vid
,_result,117804,2026-04-16T19:16:01.961488842Z,2026-04-16T20:16:01.961488842Z,2026-04-16T19:59:59Z,3.662569999694824,comdelay,providers,field_value,41485,MR0EX8CB8K1402974,85839

,result,table,_start,_stop,_time,_value,_field,_measurement,label,vid
,_result,117805,2026-04-16T19:16:01.961488842Z,2026-04-16T20:16:01.961488842Z,2026-04-16T19:20:06Z,2026-04-16T19:20:06+00:00,event_time,event,ignon,85137

,result,table,_start,_stop,_time,_value,_field,_measurement,label,primary_group,primary_name,vid
,_result,117806,2026-04-16T19:16:01.961488842Z,2026-04-16T20:16:01.961488842Z,2026-04-16T19:59:59Z,2026-04-16T13:59:59,event_time,providers,field_value,41680,MZBEP2A4XPN413418,85472

,result,table,_start,_stop,_time,_value,_field,_measurement,label,vid
,_result,117807,2026-04-16T19:16:01.961488842Z,2026-04-16T20:16:01.961488842Z,2026-04-16T20:11:21Z,XP8995B,vinfo.license_plate,event,ignoff,80851
,_result,117807,2026-04-16T19:16:01.961488842Z,2026-04-16T20:16:01.961488842Z,2026-04-16T20:11:33Z,XP8995B,vinfo.license_plate,event,ignoff,80851
,_result,117807,2026-04-16T19:16:01.961488842Z,2026-04-16T20:16:01.961488842Z,2026-04-16T20:11:44Z,XP8995B,vinfo.license_plate,event,ignoff,80851
,_result,117807,2026-04-16T19:16:01.961488842Z,2026-04-16T20:16:01.961488842Z,2026-04-16T20:11:56Z,XP8995B,vinfo.license_plate,event,ignoff,80851
,_result,117807,2026-04-16T19:16:01.961488842Z,2026-04-16T20:16:01.961488842Z,2026-04-16T20:12:07Z,XP8995B,vinfo.license_plate,event,ignoff,80851
,_result,117807,2026-04-16T19:16:01.961488842Z,2026-04-16T20:16:01.961488842Z,2026-04-16T20:12:19Z,XP8995B,vinfo.license_plate,event,ignoff,80851
,_result,117807,2026-04-16T19:16:01.961488842Z,2026-04-16T20:16:01.961488842Z,2026-04-16T20:12:23Z,XP8995B,vinfo.license_plate,event,ignoff,80851
,_result,117807,2026-04-16T19:16:01.961488842Z,2026-04-16T20:16:01.961488842Z,2026-04-16T20:12:36Z,XP8995B,vinfo.license_plate,event,ignoff,80851
,_result,117807,2026-04-16T19:16:01.961488842Z,2026-04-16T20:16:01.961488842Z,2026-04-16T20:12:47Z,XP8995B,vinfo.license_plate,event,ignoff,80851
,_result,117807,2026-04-16T19:16:01.961488842Z,2026-04-16T20:16:01.961488842Z,2026-04-16T20:12:51Z,XP8995B,vinfo.license_plate,event,ignoff,80851
,_result,117807,2026-04-16T19:16:01.961488842Z,2026-04-16T20:16:01.961488842Z,2026-04-16T20:13:05Z,XP8995B,vinfo.license_plate,event,ignoff,80851
,_result,117807,2026-04-16T19:16:01.961488842Z,2026-04-16T20:16:01.961488842Z,2026-04-16T20:13:10Z,XP8995B,vinfo.license_plate,event,ignoff,80851
,_result,117807,2026-04-16T19:16:01.961488842Z,2026-04-16T20:16:01.961488842Z,2026-04-16T20:13:22Z,XP8995B,vinfo.license_plate,event,ignoff,80851
,_result,117807,2026-04-16T19:16:01.961488842Z,2026-04-16T20:16:01.961488842Z,2026-04-16T20:13:34Z,XP8995B,vinfo.license_plate,event,ignoff,80851
,_result,117807,2026-04-16T19:16:01.961488842Z,2026-04-16T20:16:01.961488842Z,2026-04-16T20:13:45Z,XP8995B,vinfo.license_plate,event,ignoff,80851
,_result,117807,2026-04-16T19:16:01.961488842Z,2026-04-16T20:16:01.961488842Z,2026-04-16T20:13:58Z,XP8995B,vinfo.license_plate,event,ignoff,80851
,_result,117807,2026-04-16T19:16:01.961488842Z,2026-04-16T20:16:01.961488842Z,2026-04-16T20:14:11Z,XP8995B,vinfo.license_plate,event,ignoff,80851
,_result,117807,2026-04-16T19:16:01.961488842Z,2026-04-16T20:16:01.961488842Z,2026-04-16T20:14:21Z,XP8995B,vinfo.license_plate,event,ignoff,80851
,_result,117807,2026-04-16T19:16:01.961488842Z,2026-04-16T20:16:01.961488842Z,2026-04-16T20:14:32Z,XP8995B,vinfo.license_plate,event,ignoff,80851
,_result,117807,2026-04-16T19:16:01.961488842Z,2026-04-16T20:16:01.961488842Z,2026-04-16T20:14:45Z,XP8995B,vinfo.license_plate,event,ignoff,80851

,result,table,_start,_stop,_time,_value,_field,_measurement,label,vid
,_result,117808,2026-04-16T19:16:01.961488842Z,2026-04-16T20:16:01.961488842Z,2026-04-16T19:39:26Z,6433.869999170303,dev_idle,event,ignoff,85670
,_result,117808,2026-04-16T19:16:01.961488842Z,2026-04-16T20:16:01.961488842Z,2026-04-16T19:43:36Z,6433.879999160767,dev_idle,event,ignoff,85670
,_result,117808,2026-04-16T19:16:01.961488842Z,2026-04-16T20:16:01.961488842Z,2026-04-16T19:43:39Z,6433.88999915123,dev_idle,event,ignoff,85670
,_result,117808,2026-04-16T19:16:01.961488842Z,2026-04-16T20:16:01.961488842Z,2026-04-16T19:43:46Z,6433.899999141693,dev_idle,event,ignoff,85670
,_result,117808,2026-04-16T19:16:01.961488842Z,2026-04-16T20:16:01.961488842Z,2026-04-16T20:10:04Z,6447.899999141693,dev_idle,event,ignoff,85670
,_result,117809,2026-04-16T19:16:01.961488842Z,2026-04-16T20:16:01.961488842Z,2026-04-16T19:50:39Z,19.45651,lat,event,posac,86464
,_result,117809,2026-04-16T19:16:01.961488842Z,2026-04-16T20:16:01.961488842Z,2026-04-16T19:50:53Z,19.45627,lat,event,posac,86464
,_result,117809,2026-04-16T19:16:01.961488842Z,2026-04-16T20:16:01.961488842Z,2026-04-16T19:53:01Z,19.45493,lat,event,posac,86464
,_result,117809,2026-04-16T19:16:01.961488842Z,2026-04-16T20:16:01.961488842Z,2026-04-16T19:53:57Z,19.45414,lat,event,posac,86464
,_result,117809,2026-04-16T19:16:01.961488842Z,2026-04-16T20:16:01.961488842Z,2026-04-16T19:54:24Z,19.45323,lat,event,posac,86464
,_result,117809,2026-04-16T19:16:01.961488842Z,2026-04-16T20:16:01.961488842Z,2026-04-16T19:54:27Z,19.45317,lat,event,posac,86464
,_result,117809,2026-04-16T19:16:01.961488842Z,2026-04-16T20:16:01.961488842Z,2026-04-16T19:54:29Z,19.45301,lat,event,posac,86464
,_result,117809,2026-04-16T19:16:01.961488842Z,2026-04-16T20:16:01.961488842Z,2026-04-16T19:54:49Z,19.45091,lat,event,posac,86464
,_result,117809,2026-04-16T19:16:01.961488842Z,2026-04-16T20:16:01.961488842Z,2026-04-16T19:54:51Z,19.45078,lat,event,posac,86464
,_result,117809,2026-04-16T19:16:01.961488842Z,2026-04-16T20:16:01.961488842Z,2026-04-16T19:54:59Z,19.45003,lat,event,posac,86464
,_result,117809,2026-04-16T19:16:01.961488842Z,2026-04-16T20:16:01.961488842Z,2026-04-16T19:55:03Z,19.44957,lat,event,posac,86464
,_result,117809,2026-04-16T19:16:01.961488842Z,2026-04-16T20:16:01.961488842Z,2026-04-16T19:55:37Z,19.44752,lat,event,posac,86464
,_result,117809,2026-04-16T19:16:01.961488842Z,2026-04-16T20:16:01.961488842Z,2026-04-16T19:56:24Z,19.44712,lat,event,posac,86464

,result,table,_start,_stop,_time,_value,_field,_measurement,label,primary_group,primary_name,provider,vid
,_result,117810,2026-04-16T19:16:01.961488842Z,2026-04-16T20:16:01.961488842Z,2026-04-16T19:19:30Z,Punto de Rastreo,label_dscrptn_es,providers,label_count,40096,T7G-282,hunter,85397

,result,table,_start,_stop,_time,_value,_field,_measurement,label,vid
,_result,117811,2026-04-16T19:16:01.961488842Z,2026-04-16T20:16:01.961488842Z,2026-04-16T19:31:52Z,4,kph,event,negac,83753
,_result,117811,2026-04-16T19:16:01.961488842Z,2026-04-16T20:16:01.961488842Z,2026-04-16T19:56:18Z,5,kph,event,negac,83753

,result,table,_start,_stop,_time,_value,_field,_measurement,label,primary_group,primary_name,provider,vid
,_result,117812,2026-04-16T19:16:01.961488842Z,2026-04-16T20:16:01.961488842Z,2026-04-16T19:24:14Z,Energía Restaurada,label_dscrptn_es,providers,label_count,19867,025-594,retransmitters,86463
,_result,117812,2026-04-16T19:16:01.961488842Z,2026-04-16T20:16:01.961488842Z,2026-04-16T19:41:20Z,Aceleración brusca,label_dscrptn_es,providers,label_count,19867,025-594,retransmitters,86463
,_result,117812,2026-04-16T19:16:01.961488842Z,2026-04-16T20:16:01.961488842Z,2026-04-16T19:41:43Z,Frenado brusco,label_dscrptn_es,providers,label_count,19867,025-594,retransmitters,86463
,_result,117812,2026-04-16T19:16:01.961488842Z,2026-04-16T20:16:01.961488842Z,2026-04-16T19:42:08Z,Punto de Rastreo,label_dscrptn_es,providers,label_count,19867,025-594,retransmitters,86463
,_result,117812,2026-04-16T19:16:01.961488842Z,2026-04-16T20:16:01.961488842Z,2026-04-16T19:42:15Z,Perdida de Energía,label_dscrptn_es,providers,label_count,19867,025-594,retransmitters,86463

,result,table,_start,_stop,_time,_value,_field,_measurement,label,vid
,_result,117813,2026-04-16T19:16:01.961488842Z,2026-04-16T20:16:01.961488842Z,2026-04-16T19:22:47Z,16053,dev_idle,event,negac,84038

,result,table,_start,_stop,_time,_value,_field,_measurement,label,vid
,_result,117814,2026-04-16T19:16:01.961488842Z,2026-04-16T20:16:01.961488842Z,2026-04-16T19:47:41Z,CJA-492,primary_name,event,negac,84485

,result,table,_start,_stop,_time,_value,_field,_measurement,label,nameFieldGroup,primary_group,primary_name,provider,vid
,_result,117815,2026-04-16T19:16:01.961488842Z,2026-04-16T20:16:01.961488842Z,2026-04-16T19:42:09Z,Hunter,primary_group_name,providers,field_count_group,totalFieldCount,40096,CSD-501,hunter,82773

,result,table,_start,_stop,_time,_value,_field,_measurement,label,primary_group,primary_name,provider,vid
,_result,117816,2026-04-16T19:16:01.961488842Z,2026-04-16T20:16:01.961488842Z,2026-04-16T19:22:47Z,Vozidlo zapnuto,label_dscrptn_cs,providers,label_count,40096,T7G-346,hunter,85414
,_result,117816,2026-04-16T19:16:01.961488842Z,2026-04-16T20:16:01.961488842Z,2026-04-16T19:27:40Z,undefined,label_dscrptn_cs,providers,label_count,40096,T7G-346,hunter,85414
,_result,117816,2026-04-16T19:16:01.961488842Z,2026-04-16T20:16:01.961488842Z,2026-04-16T19:31:01Z,undefined,label_dscrptn_cs,providers,label_count,40096,T7G-346,hunter,85414

,result,table,_start,_stop,_time,_value,_field,_measurement,label,vid
,_result,117817,2026-04-16T19:16:01.961488842Z,2026-04-16T20:16:01.961488842Z,2026-04-16T19:24:36Z,0,kph,event,ignon,85184
,_result,117818,2026-04-16T19:16:01.961488842Z,2026-04-16T20:16:01.961488842Z,2026-04-16T19:31:52Z,8375329481588454,event_id,event,negac,83753
,_result,117818,2026-04-16T19:16:01.961488842Z,2026-04-16T20:16:01.961488842Z,2026-04-16T19:56:18Z,8375329483055039,event_id,event,negac,83753
,_result,117819,2026-04-16T19:16:01.961488842Z,2026-04-16T20:16:01.961488842Z,2026-04-16T19:30:50Z,103535,dev_idle,event,negac,83773
,_result,117820,2026-04-16T19:16:01.961488842Z,2026-04-16T20:16:01.961488842Z,2026-04-16T19:57:49Z,0,valid_position,event,ignon,84825

,result,table,_start,_stop,_time,_value,_field,_measurement,label,vid
,_result,117821,2026-04-16T19:16:01.961488842Z,2026-04-16T20:16:01.961488842Z,2026-04-16T19:48:51Z,2026-04-16T19:48:51+00:00,event_time,event,ignoff,86464

,result,table,_start,_stop,_time,_value,_field,_measurement,label,primary_group,primary_name,provider,vid
,_result,117822,2026-04-16T19:16:01.961488842Z,2026-04-16T20:16:01.961488842Z,2026-04-16T19:38:36Z,Track Point,label_dscrptn_en,providers,label_count,40096,T7G-337,hunter,85406

,result,table,_start,_stop,_time,_value,_field,_measurement,label,vid
,_result,117823,2026-04-16T19:16:01.961488842Z,2026-04-16T20:16:01.961488842Z,2026-04-16T19:18:12Z,-99.11126,lon,event,negac,86463
,_result,117823,2026-04-16T19:16:01.961488842Z,2026-04-16T20:16:01.961488842Z,2026-04-16T19:18:15Z,-99.11123,lon,event,negac,86463
,_result,117823,2026-04-16T19:16:01.961488842Z,2026-04-16T20:16:01.961488842Z,2026-04-16T19:18:39Z,-99.1082,lon,event,negac,86463
,_result,117823,2026-04-16T19:16:01.961488842Z,2026-04-16T20:16:01.961488842Z,2026-04-16T19:18:40Z,-99.10804,lon,event,negac,86463
,_result,117823,2026-04-16T19:16:01.961488842Z,2026-04-16T20:16:01.961488842Z,2026-04-16T19:18:45Z,-99.10774,lon,event,negac,86463
,_result,117823,2026-04-16T19:16:01.961488842Z,2026-04-16T20:16:01.961488842Z,2026-04-16T19:18:54Z,-99.10719,lon,event,negac,86463
,_result,117823,2026-04-16T19:16:01.961488842Z,2026-04-16T20:16:01.961488842Z,2026-04-16T19:18:57Z,-99.10702,lon,event,negac,86463
,_result,117823,2026-04-16T19:16:01.961488842Z,2026-04-16T20:16:01.961488842Z,2026-04-16T19:19:10Z,-99.10612,lon,event,negac,86463
,_result,117823,2026-04-16T19:16:01.961488842Z,2026-04-16T20:16:01.961488842Z,2026-04-16T19:19:17Z,-99.1056,lon,event,negac,86463
,_result,117823,2026-04-16T19:16:01.961488842Z,2026-04-16T20:16:01.961488842Z,2026-04-16T19:19:30Z,-99.10458,lon,event,negac,86463
,_result,117823,2026-04-16T19:16:01.961488842Z,2026-04-16T20:16:01.961488842Z,2026-04-16T19:19:53Z,-99.10233,lon,event,negac,86463
,_result,117823,2026-04-16T19:16:01.961488842Z,2026-04-16T20:16:01.961488842Z,2026-04-16T19:19:55Z,-99.10221,lon,event,negac,86463
,_result,117823,2026-04-16T19:16:01.961488842Z,2026-04-16T20:16:01.961488842Z,2026-04-16T19:20:11Z,-99.10062,lon,event,negac,86463
,_result,117823,2026-04-16T19:16:01.961488842Z,2026-04-16T20:16:01.961488842Z,2026-04-16T19:20:32Z,-99.09844,lon,event,negac,86463
,_result,117823,2026-04-16T19:16:01.961488842Z,2026-04-16T20:16:01.961488842Z,2026-04-16T19:20:35Z,-99.09813,lon,event,negac,86463
,_result,117823,2026-04-16T19:16:01.961488842Z,2026-04-16T20:16:01.961488842Z,2026-04-16T19:20:38Z,-99.09795,lon,event,negac,86463
,_result,117823,2026-04-16T19:16:01.961488842Z,2026-04-16T20:16:01.961488842Z,2026-04-16T19:37:50Z,-99.09017,lon,event,negac,86463
,_result,117823,2026-04-16T19:16:01.961488842Z,2026-04-16T20:16:01.961488842Z,2026-04-16T19:37:58Z,-99.09047,lon,event,negac,86463
,_result,117823,2026-04-16T19:16:01.961488842Z,2026-04-16T20:16:01.961488842Z,2026-04-16T19:38:13Z,-99.09053,lon,event,negac,86463
,_result,117823,2026-04-16T19:16:01.961488842Z,2026-04-16T20:16:01.961488842Z,2026-04-16T19:38:27Z,-99.09168,lon,event,negac,86463
,_result,117824,2026-04-16T19:16:01.961488842Z,2026-04-16T20:16:01.961488842Z,2026-04-16T19:17:39Z,62844500,dev_dist,event,ignon,83323
,_result,117824,2026-04-16T19:16:01.961488842Z,2026-04-16T20:16:01.961488842Z,2026-04-16T19:27:06Z,62844700,dev_dist,event,ignon,83323
,_result,117824,2026-04-16T19:16:01.961488842Z,2026-04-16T20:16:01.961488842Z,2026-04-16T19:55:42Z,62844900,dev_dist,event,ignon,83323

,result,table,_start,_stop,_time,_value,_field,_measurement,label,primary_group,primary_name,vid
,_result,117825,2026-04-16T19:16:01.961488842Z,2026-04-16T20:16:01.961488842Z,2026-04-16T19:59:59Z,2026-04-16T13:03:15.147380,system_time,providers,field_value,41350,1G1Z95SX9HF135063,85672

,result,table,_start,_stop,_time,_value,_field,_measurement,label,vid
,_result,117826,2026-04-16T19:16:01.961488842Z,2026-04-16T20:16:01.961488842Z,2026-04-16T19:36:55Z,866314062210594,vinfo.description,event,ignoff,85137

,result,table,_start,_stop,_time,_value,_field,_measurement,label,primary_group,primary_name,provider,vid
,_result,117827,2026-04-16T19:16:01.961488842Z,2026-04-16T20:16:01.961488842Z,2026-04-16T20:00:00Z,0,head,providers,field_value,41221,1GNER8KWXPJ300877,teltonika,85573

,result,table,_start,_stop,_time,_value,_field,_measurement,label,primary_group,primary_name,vid
,_result,117828,2026-04-16T19:16:01.961488842Z,2026-04-16T20:16:01.961488842Z,2026-04-16T19:59:59Z,2026-04-16T13:56:35.908436,system_time,providers,field_value,42274,1XKYDP9X0JJ227396,86494

,result,table,_start,_stop,_time,_value,_field,_measurement,label,nameFieldGroup,primary_group,primary_name,provider,vid
,_result,117829,2026-04-16T19:16:01.961488842Z,2026-04-16T20:16:01.961488842Z,2026-04-16T19:33:24Z,"code,gpsknit_prev_lat,gpsknit_ev_code,jamm_detected,counter_io_in3,counter_io_in2,cf_type,source,gpsknit_lon,systime,mph,cf_rssi,temp_10__f,kph,ecu_battery,dev_idle,gpsknit_prev_lon,gpsknit_comm_delay,trip_id,port,dev_dist__km,dev_dist__mi,label,an_in1,comdelay,version,temp_10__c,gpsknit_prev_ev_label,remote_delay,bl,valid_position,groups,pdop,ecu_error_flag,dev_dist,temp_3__f,temp_3__c,temp_c__f,temp_c__c,imu_mag_z,imu_mag_y,imu_mag_x,io_in2,io_in3,gpsknit_ev_label,vid,ecu_battery_flag,temp_b__c,temp_b__f,message,gpsknit_lat,gpsknit_no_location_fepoch,lon,no_gps_time,temp_a__f,type,temp_a__c,head,temp_2__c,hdop,temp_2__f,temp_4__c,temp_4__f,gpsknit__epoch,gpsknit_no_gps_time_count,gpsknit_mph,temp_1__f,temp_1__c,io_out1,io_pwr,temp_9__f,ad,temp_9__c,ip,pid,al,vo,evtime,gpsknit_event_time__epoch,gpsknit_prev_event_time__epoch,temp_8__f,gpsknit_prev_ev_code,temp_8__c,io_ign,gpsknit_no_location_count,__version,temp_6__f,sim,temp_6__c,temp_7__c,moving,temp_7__f,ecu_distance_flag,lat,temp_5__c,temp_5__f,dev_ign,age,counter_io_out1,sv,valid_gps",arrayFields,providers,field_count_group,totalFieldCount,15940,TD59,pegasus-iot-cloud,47361

,result,table,_start,_stop,_time,_value,_field,_measurement,label,vid
,_result,117830,2026-04-16T19:16:01.961488842Z,2026-04-16T20:16:01.961488842Z,2026-04-16T19:50:54Z,868574042666953,vinfo.description,event,spd,83771
,_result,117830,2026-04-16T19:16:01.961488842Z,2026-04-16T20:16:01.961488842Z,2026-04-16T19:51:15Z,868574042666953,vinfo.description,event,spd,83771
,_result,117830,2026-04-16T19:16:01.961488842Z,2026-04-16T20:16:01.961488842Z,2026-04-16T19:51:36Z,868574042666953,vinfo.description,event,spd,83771
,_result,117830,2026-04-16T19:16:01.961488842Z,2026-04-16T20:16:01.961488842Z,2026-04-16T19:51:54Z,868574042666953,vinfo.description,event,spd,83771
,_result,117830,2026-04-16T19:16:01.961488842Z,2026-04-16T20:16:01.961488842Z,2026-04-16T19:56:18Z,868574042666953,vinfo.description,event,spd,83771

,result,table,_start,_stop,_time,_value,_field,_measurement,label,primary_group,primary_name,provider,vid
,_result,117831,2026-04-16T19:16:01.961488842Z,2026-04-16T20:16:01.961488842Z,2026-04-16T19:24:07Z,trckpnt,label_type,providers,label_count,41251,3N6AD35A5TK804221,teltonika,85604

,result,table,_start,_stop,_time,_value,_field,_measurement,label,vid
,_result,117832,2026-04-16T19:16:01.961488842Z,2026-04-16T20:16:01.961488842Z,2026-04-16T19:48:51Z,025-595,primary_name,event,ignoff,86464

,result,table,_start,_stop,_time,_value,_field,_measurement,label,vid
,_result,117833,2026-04-16T19:16:01.961488842Z,2026-04-16T20:16:01.961488842Z,2026-04-16T19:20:55Z,0,kph,event,ignon,84489

,result,table,_start,_stop,_time,_value,_field,_measurement,label,vid
,_result,117834,2026-04-16T19:16:01.961488842Z,2026-04-16T20:16:01.961488842Z,2026-04-16T19:22:33Z,2569546,vinfo.description,event,ignon,84839
,_result,117834,2026-04-16T19:16:01.961488842Z,2026-04-16T20:16:01.961488842Z,2026-04-16T19:28:26Z,2569546,vinfo.description,event,ignon,84839

,result,table,_start,_stop,_time,_value,_field,_measurement,label,primary_group,primary_name,provider,vid
,_result,117835,2026-04-16T19:16:01.961488842Z,2026-04-16T20:16:01.961488842Z,2026-04-16T19:19:30Z,2026-04-16T13:00:00,event_time,providers,label_count,40096,T7G-282,hunter,85397

,result,table,_start,_stop,_time,_value,_field,_measurement,label,vid
,_result,117836,2026-04-16T19:16:01.961488842Z,2026-04-16T20:16:01.961488842Z,2026-04-16T19:38:33Z,3N6AD35A8PK874348,primary_name,event,negac,85768
,_result,117836,2026-04-16T19:16:01.961488842Z,2026-04-16T20:16:01.961488842Z,2026-04-16T19:38:34Z,3N6AD35A8PK874348,primary_name,event,negac,85768
,_result,117836,2026-04-16T19:16:01.961488842Z,2026-04-16T20:16:01.961488842Z,2026-04-16T19:39:59Z,3N6AD35A8PK874348,primary_name,event,negac,85768
,_result,117836,2026-04-16T19:16:01.961488842Z,2026-04-16T20:16:01.961488842Z,2026-04-16T19:40:00Z,3N6AD35A8PK874348,primary_name,event,negac,85768
,_result,117836,2026-04-16T19:16:01.961488842Z,2026-04-16T20:16:01.961488842Z,2026-04-16T19:40:01Z,3N6AD35A8PK874348,primary_name,event,negac,85768
,_result,117836,2026-04-16T19:16:01.961488842Z,2026-04-16T20:16:01.961488842Z,2026-04-16T19:40:32Z,3N6AD35A8PK874348,primary_name,event,negac,85768
,_result,117836,2026-04-16T19:16:01.961488842Z,2026-04-16T20:16:01.961488842Z,2026-04-16T19:40:33Z,3N6AD35A8PK874348,primary_name,event,negac,85768

,result,table,_start,_stop,_time,_value,_field,_measurement,label,vid
,_result,117837,2026-04-16T19:16:01.961488842Z,2026-04-16T20:16:01.961488842Z,2026-04-16T20:11:49Z,0,kph,event,ignon,86528

,result,table,_start,_stop,_time,_value,_field,_measurement,label,primary_group,primary_name,provider,vid
,_result,117838,2026-04-16T19:16:01.961488842Z,2026-04-16T20:16:01.961488842Z,2026-04-16T20:00:00Z,966,dev_idle,providers,field_value,41350,1G1Z95SX9HF135063,teltonika,85672

,result,table,_start,_stop,_time,_value,_field,_measurement,label,primary_group,primary_name,vid
,_result,117839,2026-04-16T19:16:01.961488842Z,2026-04-16T20:16:01.961488842Z,2026-04-16T19:59:59Z,49561000,dev_dist,providers,field_value,40096,T7G-318,85402

,result,table,_start,_stop,_time,_value,_field,_measurement,label,vid
,_result,117840,2026-04-16T19:16:01.961488842Z,2026-04-16T20:16:01.961488842Z,2026-04-16T19:17:59Z,256,pid,event,spd,83740
,_result,117840,2026-04-16T19:16:01.961488842Z,2026-04-16T20:16:01.961488842Z,2026-04-16T19:23:50Z,256,pid,event,spd,83740
,_result,117840,2026-04-16T19:16:01.961488842Z,2026-04-16T20:16:01.961488842Z,2026-04-16T19:27:02Z,256,pid,event,spd,83740
,_result,117840,2026-04-16T19:16:01.961488842Z,2026-04-16T20:16:01.961488842Z,2026-04-16T19:27:17Z,256,pid,event,spd,83740
,_result,117840,2026-04-16T19:16:01.961488842Z,2026-04-16T20:16:01.961488842Z,2026-04-16T19:36:29Z,256,pid,event,spd,83740
,_result,117840,2026-04-16T19:16:01.961488842Z,2026-04-16T20:16:01.961488842Z,2026-04-16T19:36:41Z,256,pid,event,spd,83740
,_result,117840,2026-04-16T19:16:01.961488842Z,2026-04-16T20:16:01.961488842Z,2026-04-16T19:37:08Z,256,pid,event,spd,83740
,_result,117840,2026-04-16T19:16:01.961488842Z,2026-04-16T20:16:01.961488842Z,2026-04-16T19:37:23Z,256,pid,event,spd,83740
,_result,117841,2026-04-16T19:16:01.961488842Z,2026-04-16T20:16:01.961488842Z,2026-04-16T19:22:49Z,13985,ecu_battery,event,negac,62932

,result,table,_start,_stop,_time,_value,_field,_measurement,label,vid
,_result,117842,2026-04-16T19:16:01.961488842Z,2026-04-16T20:16:01.961488842Z,2026-04-16T19:18:05Z,VENTO,vinfo.model,event,idl,2219
,_result,117842,2026-04-16T19:16:01.961488842Z,2026-04-16T20:16:01.961488842Z,2026-04-16T19:33:06Z,VENTO,vinfo.model,event,idl,2219

,result,table,_start,_stop,_time,_value,_field,_measurement,label,primary_group,primary_name,vid
,_result,117843,2026-04-16T19:16:01.961488842Z,2026-04-16T20:16:01.961488842Z,2026-04-16T19:59:59Z,497053863630660,device_id,providers,field_value,40096,T7G-343,85411

,result,table,_start,_stop,_time,_value,_field,_measurement,label,vid
,_result,117844,2026-04-16T19:16:01.961488842Z,2026-04-16T20:16:01.961488842Z,2026-04-16T19:58:22Z,256,pid,event,ignon,84746
,_result,117845,2026-04-16T19:16:01.961488842Z,2026-04-16T20:16:01.961488842Z,2026-04-16T19:24:07Z,0,mph,event,ignon,82773
,_result,117846,2026-04-16T19:16:01.961488842Z,2026-04-16T20:16:01.961488842Z,2026-04-16T19:39:09Z,8482529482015927,event_id,event,ignoff,84825

,result,table,_start,_stop,_time,_value,_field,_measurement,label,primary_group,primary_name,provider,vid
,_result,117847,2026-04-16T19:16:01.961488842Z,2026-04-16T20:16:01.961488842Z,2026-04-16T19:18:09Z,Punto de Rastreo,label_dscrptn_es,providers,label_count,40096,T7G-262,hunter,85390

,result,table,_start,_stop,_time,_value,_field,_measurement,label,vid
,_result,117848,2026-04-16T19:16:01.961488842Z,2026-04-16T20:16:01.961488842Z,2026-04-16T19:17:21Z,-78.61527,lon,event,ignon,83219
,_result,117848,2026-04-16T19:16:01.961488842Z,2026-04-16T20:16:01.961488842Z,2026-04-16T19:39:26Z,-78.61061,lon,event,ignon,83219
,_result,117849,2026-04-16T19:16:01.961488842Z,2026-04-16T20:16:01.961488842Z,2026-04-16T19:16:15Z,5321229479826321,event_id,event,ignoff,53212
,_result,117849,2026-04-16T19:16:01.961488842Z,2026-04-16T20:16:01.961488842Z,2026-04-16T19:42:35Z,5321229481244405,event_id,event,ignoff,53212
,_result,117849,2026-04-16T19:16:01.961488842Z,2026-04-16T20:16:01.961488842Z,2026-04-16T19:43:05Z,5321229481479533,event_id,event,ignoff,53212
,_result,117849,2026-04-16T19:16:01.961488842Z,2026-04-16T20:16:01.961488842Z,2026-04-16T19:44:30Z,5321229481479635,event_id,event,ignoff,53212
,_result,117850,2026-04-16T19:16:01.961488842Z,2026-04-16T20:16:01.961488842Z,2026-04-16T19:39:09Z,256,pid,event,ignoff,84825

,result,table,_start,_stop,_time,_value,_field,_measurement,label,primary_group,primary_name,provider,vid
,_result,117851,2026-04-16T19:16:01.961488842Z,2026-04-16T20:16:01.961488842Z,2026-04-16T19:17:38Z,Hunter,primary_group_name,providers,label_count,40096,T7G-339,hunter,85407
,_result,117851,2026-04-16T19:16:01.961488842Z,2026-04-16T20:16:01.961488842Z,2026-04-16T19:48:02Z,Hunter,primary_group_name,providers,label_count,40096,T7G-339,hunter,85407

,result,table,_start,_stop,_time,_value,_field,_measurement,label,vid
,_result,117852,2026-04-16T19:16:01.961488842Z,2026-04-16T20:16:01.961488842Z,2026-04-16T19:47:29Z,256,pid,event,ignon,82780
,_result,117853,2026-04-16T19:16:01.961488842Z,2026-04-16T20:16:01.961488842Z,2026-04-16T19:48:51Z,8646429481894954,event_id,event,ignoff,86464
,_result,117854,2026-04-16T19:16:01.961488842Z,2026-04-16T20:16:01.961488842Z,2026-04-16T19:25:56Z,56413,dev_idle,event,ignoff,84970
,_result,117854,2026-04-16T19:16:01.961488842Z,2026-04-16T20:16:01.961488842Z,2026-04-16T19:52:28Z,57532,dev_idle,event,ignoff,84970
,_result,117855,2026-04-16T19:16:01.961488842Z,2026-04-16T20:16:01.961488842Z,2026-04-16T19:30:50Z,0,valid_position,event,negac,83773
,_result,117856,2026-04-16T19:16:01.961488842Z,2026-04-16T20:16:01.961488842Z,2026-04-16T19:33:46Z,0,valid_position,event,ignoff,84353
,_result,117857,2026-04-16T19:16:01.961488842Z,2026-04-16T20:16:01.961488842Z,2026-04-16T20:01:13Z,-99.16308,lon,event,ignoff,32229

,result,table,_start,_stop,_time,_value,_field,_measurement,label,vid
,_result,117858,2026-04-16T19:16:01.961488842Z,2026-04-16T20:16:01.961488842Z,2026-04-16T19:18:22Z,CKE-590,primary_name,event,ignoff,84604

,result,table,_start,_stop,_time,_value,_field,_measurement,label,vid
,_result,117859,2026-04-16T19:16:01.961488842Z,2026-04-16T20:16:01.961488842Z,2026-04-16T19:18:22Z,29599,dev_ign,event,ignoff,84604
,_result,117860,2026-04-16T19:16:01.961488842Z,2026-04-16T20:16:01.961488842Z,2026-04-16T19:47:23Z,89946400,dev_dist,event,posac,83701
,_result,117860,2026-04-16T19:16:01.961488842Z,2026-04-16T20:16:01.961488842Z,2026-04-16T19:48:53Z,89947808,dev_dist,event,posac,83701
,_result,117860,2026-04-16T19:16:01.961488842Z,2026-04-16T20:16:01.961488842Z,2026-04-16T19:52:59Z,89951600,dev_dist,event,posac,83701

,result,table,_start,_stop,_time,_value,_field,_measurement,label,primary_group,primary_name,vid
,_result,117861,2026-04-16T19:16:01.961488842Z,2026-04-16T20:16:01.961488842Z,2026-04-16T19:59:59Z,550,dev_idle,providers,field_value,41680,MZBEP2A4XPN413418,85472
,_result,117862,2026-04-16T19:16:01.961488842Z,2026-04-16T20:16:01.961488842Z,2026-04-16T19:59:59Z,1188,dev_idle,providers,field_value,39964,MR0CX8CB1P0430572,85999

,result,table,_start,_stop,_time,_value,_field,_measurement,label,vid
,_result,117863,2026-04-16T19:16:01.961488842Z,2026-04-16T20:16:01.961488842Z,2026-04-16T19:56:44Z,9246,dev_idle,event,negac,84499
,_result,117864,2026-04-16T19:16:01.961488842Z,2026-04-16T20:16:01.961488842Z,2026-04-16T19:33:02Z,64,mph,event,spd,83842
,_result,117864,2026-04-16T19:16:01.961488842Z,2026-04-16T20:16:01.961488842Z,2026-04-16T19:40:05Z,68,mph,event,spd,83842
,_result,117864,2026-04-16T19:16:01.961488842Z,2026-04-16T20:16:01.961488842Z,2026-04-16T19:45:02Z,72,mph,event,spd,83842
,_result,117864,2026-04-16T19:16:01.961488842Z,2026-04-16T20:16:01.961488842Z,2026-04-16T19:49:02Z,69,mph,event,spd,83842
,_result,117864,2026-04-16T19:16:01.961488842Z,2026-04-16T20:16:01.961488842Z,2026-04-16T19:54:47Z,65,mph,event,spd,83842

,result,table,_start,_stop,_time,_value,_field,_measurement,label,primary_group,primary_name,provider,vid
,_result,117865,2026-04-16T19:16:01.961488842Z,2026-04-16T20:16:01.961488842Z,2026-04-16T19:42:32Z,trckpnt,label_type,providers,label_count,38150,36-BJ-9F,santrack,86234

,result,table,_start,_stop,_time,_value,_field,_measurement,label,vid
,_result,117866,2026-04-16T19:16:01.961488842Z,2026-04-16T20:16:01.961488842Z,2026-04-16T20:01:13Z,2025,vinfo.year,event,ignoff,85834

,result,table,_start,_stop,_time,_value,_field,_measurement,label,primary_group,primary_name,provider,vid
,_result,117867,2026-04-16T19:16:01.961488842Z,2026-04-16T20:16:01.961488842Z,2026-04-16T19:33:23Z,Track Point,label_dscrptn_en,providers,label_count,41845,3N6AD35A5RK825983,teltonika,86296

,result,table,_start,_stop,_time,_value,_field,_measurement,label,primary_group,primary_name,vid
,_result,117868,2026-04-16T19:16:01.961488842Z,2026-04-16T20:16:01.961488842Z,2026-04-16T19:59:59Z,863238074301476,device_id,providers,field_value,41845,3N6AD35A5RK825983,86296

,result,table,_start,_stop,_time,_value,_field,_measurement,label,primary_group,primary_name,provider,vid
,_result,117869,2026-04-16T19:16:01.961488842Z,2026-04-16T20:16:01.961488842Z,2026-04-16T20:00:00Z,"CONGELADOS DEL BAJIO, S.A. DE C.V.",primary_group_name,providers,field_value,41416,3N6AD35A8PK874348,teltonika,85768

,result,table,_start,_stop,_time,_value,_field,_measurement,label,vid
,_result,117870,2026-04-16T19:16:01.961488842Z,2026-04-16T20:16:01.961488842Z,2026-04-16T19:20:51Z,31-BM-7K,primary_name,event,ignon,86231

,result,table,_start,_stop,_time,_value,_field,_measurement,label,primary_group,primary_name,provider,vid
,_result,117871,2026-04-16T19:16:01.961488842Z,2026-04-16T20:16:01.961488842Z,2026-04-16T19:20:51Z,1,event_count,providers,label_count,38150,31-BM-7K,santrack,86231
,_result,117871,2026-04-16T19:16:01.961488842Z,2026-04-16T20:16:01.961488842Z,2026-04-16T19:57:24Z,20,event_count,providers,label_count,38150,31-BM-7K,santrack,86231
,_result,117871,2026-04-16T19:16:01.961488842Z,2026-04-16T20:16:01.961488842Z,2026-04-16T20:01:41Z,1,event_count,providers,label_count,38150,31-BM-7K,santrack,86231

,result,table,_start,_stop,_time,_value,_field,_measurement,label,vid
,_result,117872,2026-04-16T19:16:01.961488842Z,2026-04-16T20:16:01.961488842Z,2026-04-16T19:47:11Z,66084,dev_idle,event,posac,84857
,_result,117872,2026-04-16T19:16:01.961488842Z,2026-04-16T20:16:01.961488842Z,2026-04-16T19:50:20Z,66260,dev_idle,event,posac,84857
,_result,117872,2026-04-16T19:16:01.961488842Z,2026-04-16T20:16:01.961488842Z,2026-04-16T19:56:19Z,66619,dev_idle,event,posac,84857
,_result,117873,2026-04-16T19:16:01.961488842Z,2026-04-16T20:16:01.961488842Z,2026-04-16T19:45:55Z,0,kph,event,negac,85197
,_result,117873,2026-04-16T19:16:01.961488842Z,2026-04-16T20:16:01.961488842Z,2026-04-16T19:49:28Z,10,kph,event,negac,85197
,_result,117873,2026-04-16T19:16:01.961488842Z,2026-04-16T20:16:01.961488842Z,2026-04-16T19:50:05Z,18,kph,event,negac,85197
,_result,117874,2026-04-16T19:16:01.961488842Z,2026-04-16T20:16:01.961488842Z,2026-04-16T19:52:31Z,0,valid_position,event,negac,84302
,_result,117874,2026-04-16T19:16:01.961488842Z,2026-04-16T20:16:01.961488842Z,2026-04-16T19:53:03Z,0,valid_position,event,negac,84302
,_result,117874,2026-04-16T19:16:01.961488842Z,2026-04-16T20:16:01.961488842Z,2026-04-16T19:54:20Z,0,valid_position,event,negac,84302
,_result,117875,2026-04-16T19:16:01.961488842Z,2026-04-16T20:16:01.961488842Z,2026-04-16T19:47:23Z,144437,dev_ign,event,posac,83701
,_result,117875,2026-04-16T19:16:01.961488842Z,2026-04-16T20:16:01.961488842Z,2026-04-16T19:48:53Z,144527,dev_ign,event,posac,83701
,_result,117875,2026-04-16T19:16:01.961488842Z,2026-04-16T20:16:01.961488842Z,2026-04-16T19:52:59Z,144773,dev_ign,event,posac,83701

,result,table,_start,_stop,_time,_value,_field,_measurement,label,primary_group,primary_name,vid
,_result,117876,2026-04-16T19:16:01.961488842Z,2026-04-16T20:16:01.961488842Z,2026-04-16T19:59:59Z,8628,dev_ign,providers,field_value,41845,3N6AD35A5RK825983,86296
,_result,117877,2026-04-16T19:16:01.961488842Z,2026-04-16T20:16:01.961488842Z,2026-04-16T19:59:59Z,40978,dev_dist,providers,field_value,41845,3N6AD35A5RK825983,86296

,result,table,_start,_stop,_time,_value,_field,_measurement,label,vid
,_result,117878,2026-04-16T19:16:01.961488842Z,2026-04-16T20:16:01.961488842Z,2026-04-16T19:57:09Z,65,mph,event,spd,83773
,_result,117878,2026-04-16T19:16:01.961488842Z,2026-04-16T20:16:01.961488842Z,2026-04-16T19:57:51Z,56,mph,event,spd,83773

,result,table,_start,_stop,_time,_value,_field,_measurement,label,vid
,_result,117879,2026-04-16T19:16:01.961488842Z,2026-04-16T20:16:01.961488842Z,2026-04-16T19:20:06Z,MR0CX8CB1P0430572,primary_name,event,ignoff,85999
,_result,117880,2026-04-16T19:16:01.961488842Z,2026-04-16T20:16:01.961488842Z,2026-04-16T19:21:46Z,863457051592226,vinfo.description,event,spd,83263
,_result,117880,2026-04-16T19:16:01.961488842Z,2026-04-16T20:16:01.961488842Z,2026-04-16T19:24:14Z,863457051592226,vinfo.description,event,spd,83263
,_result,117880,2026-04-16T19:16:01.961488842Z,2026-04-16T20:16:01.961488842Z,2026-04-16T19:26:29Z,863457051592226,vinfo.description,event,spd,83263
,_result,117880,2026-04-16T19:16:01.961488842Z,2026-04-16T20:16:01.961488842Z,2026-04-16T19:27:20Z,863457051592226,vinfo.description,event,spd,83263

,result,table,_start,_stop,_time,_value,_field,_measurement,label,vid
,_result,117881,2026-04-16T19:16:01.961488842Z,2026-04-16T20:16:01.961488842Z,2026-04-16T19:52:32Z,8322429482830999,event_id,event,posac,83224
,_result,117882,2026-04-16T19:16:01.961488842Z,2026-04-16T20:16:01.961488842Z,2026-04-16T19:51:59Z,256,pid,event,posac,49534
,_result,117882,2026-04-16T19:16:01.961488842Z,2026-04-16T20:16:01.961488842Z,2026-04-16T19:52:00Z,256,pid,event,posac,49534
,_result,117882,2026-04-16T19:16:01.961488842Z,2026-04-16T20:16:01.961488842Z,2026-04-16T19:52:01Z,256,pid,event,posac,49534
,_result,117882,2026-04-16T19:16:01.961488842Z,2026-04-16T20:16:01.961488842Z,2026-04-16T19:52:02Z,256,pid,event,posac,49534
,_result,117882,2026-04-16T19:16:01.961488842Z,2026-04-16T20:16:01.961488842Z,2026-04-16T20:03:42Z,256,pid,event,posac,49534
,_result,117883,2026-04-16T19:16:01.961488842Z,2026-04-16T20:16:01.961488842Z,2026-04-16T19:20:06Z,1,valid_position,event,ignoff,85999
,_result,117884,2026-04-16T19:16:01.961488842Z,2026-04-16T20:16:01.961488842Z,2026-04-16T19:20:00Z,1,valid_position,event,spd,83161
,_result,117884,2026-04-16T19:16:01.961488842Z,2026-04-16T20:16:01.961488842Z,2026-04-16T19:20:33Z,1,valid_position,event,spd,83161
,_result,117884,2026-04-16T19:16:01.961488842Z,2026-04-16T20:16:01.961488842Z,2026-04-16T19:34:18Z,1,valid_position,event,spd,83161
,_result,117884,2026-04-16T19:16:01.961488842Z,2026-04-16T20:16:01.961488842Z,2026-04-16T19:34:45Z,1,valid_position,event,spd,83161

,result,table,_start,_stop,_time,_value,_field,_measurement,label,primary_group,primary_name,vid
,_result,117885,2026-04-16T19:16:01.961488842Z,2026-04-16T20:16:01.961488842Z,2026-04-16T19:59:59Z,-98.98481000000001,lon,providers,field_value,41845,3N6AD35A5RK825983,86296

,result,table,_start,_stop,_time,_value,_field,_measurement,label,vid
,_result,117886,2026-04-16T19:16:01.961488842Z,2026-04-16T20:16:01.961488842Z,2026-04-16T19:45:53Z,4372,dev_ign,event,ignon,83881

,result,table,_start,_stop,_time,_value,_field,_measurement,label,nameFieldGroup,primary_group,primary_name,provider,vid
,_result,117887,2026-04-16T19:16:01.961488842Z,2026-04-16T20:16:01.961488842Z,2026-04-16T20:00:04Z,101,count,providers,field_count_group,totalFieldCount,15940,TD58,pegasus-iot-cloud,47497

,result,table,_start,_stop,_time,_value,_field,_measurement,label,primary_group,primary_name,provider,vid
,_result,117888,2026-04-16T19:16:01.961488842Z,2026-04-16T20:16:01.961488842Z,2026-04-16T20:05:28Z,Track Point,label_dscrptn_en,providers,label_count,38842,MZBER2A45PN396635,pegasus-iot-cloud,86367

,result,table,_start,_stop,_time,_value,_field,_measurement,label,vid
,_result,117889,2026-04-16T19:16:01.961488842Z,2026-04-16T20:16:01.961488842Z,2026-04-16T19:52:32Z,2026-04-16T19:52:32+00:00,event_time,event,posac,82893
,_result,117890,2026-04-16T19:16:01.961488842Z,2026-04-16T20:16:01.961488842Z,2026-04-16T19:20:55Z,CJB-320,primary_name,event,ignon,84489

,result,table,_start,_stop,_time,_value,_field,_measurement,label,vid
,_result,117891,2026-04-16T19:16:01.961488842Z,2026-04-16T20:16:01.961488842Z,2026-04-16T19:35:30Z,0,kph,event,ignoff,85126
,_result,117892,2026-04-16T19:16:01.961488842Z,2026-04-16T20:16:01.961488842Z,2026-04-16T19:19:48Z,22.1201,lat,event,negac,85999
,_result,117893,2026-04-16T19:16:01.961488842Z,2026-04-16T20:16:01.961488842Z,2026-04-16T19:22:21Z,0,mph,event,negac,85169
,_result,117894,2026-04-16T19:16:01.961488842Z,2026-04-16T20:16:01.961488842Z,2026-04-16T19:51:55Z,0,mph,event,mov,86494
,_result,117894,2026-04-16T19:16:01.961488842Z,2026-04-16T20:16:01.961488842Z,2026-04-16T19:55:09Z,0,mph,event,mov,86494
,_result,117895,2026-04-16T19:16:01.961488842Z,2026-04-16T20:16:01.961488842Z,2026-04-16T19:52:31Z,26431500,dev_dist,event,negac,84302
,_result,117895,2026-04-16T19:16:01.961488842Z,2026-04-16T20:16:01.961488842Z,2026-04-16T19:53:03Z,26431800,dev_dist,event,negac,84302
,_result,117895,2026-04-16T19:16:01.961488842Z,2026-04-16T20:16:01.961488842Z,2026-04-16T19:54:20Z,26432300,dev_dist,event,negac,84302

,result,table,_start,_stop,_time,_value,_field,_measurement,label,vid
,_result,117896,2026-04-16T19:16:01.961488842Z,2026-04-16T20:16:01.961488842Z,2026-04-16T19:52:56Z,2026-04-16T19:52:56+00:00,event_time,event,ignon,83753
,_result,117897,2026-04-16T19:16:01.961488842Z,2026-04-16T20:16:01.961488842Z,2026-04-16T19:22:49Z,T680,vinfo.model,event,negac,62932

,result,table,_start,_stop,_time,_value,_field,_measurement,label,vid
,_result,117898,2026-04-16T19:16:01.961488842Z,2026-04-16T20:16:01.961488842Z,2026-04-16T19:30:23Z,17.90987,lat,event,ignoff,32244
,_result,117898,2026-04-16T19:16:01.961488842Z,2026-04-16T20:16:01.961488842Z,2026-04-16T19:37:03Z,17.93859,lat,event,ignoff,32244
,_result,117898,2026-04-16T19:16:01.961488842Z,2026-04-16T20:16:01.961488842Z,2026-04-16T19:39:23Z,17.94631,lat,event,ignoff,32244
,_result,117898,2026-04-16T19:16:01.961488842Z,2026-04-16T20:16:01.961488842Z,2026-04-16T19:40:43Z,17.94907,lat,event,ignoff,32244
,_result,117898,2026-04-16T19:16:01.961488842Z,2026-04-16T20:16:01.961488842Z,2026-04-16T19:41:43Z,17.95034,lat,event,ignoff,32244
,_result,117898,2026-04-16T19:16:01.961488842Z,2026-04-16T20:16:01.961488842Z,2026-04-16T19:42:13Z,17.95036,lat,event,ignoff,32244
,_result,117898,2026-04-16T19:16:01.961488842Z,2026-04-16T20:16:01.961488842Z,2026-04-16T19:42:53Z,17.95044,lat,event,ignoff,32244
,_result,117898,2026-04-16T19:16:01.961488842Z,2026-04-16T20:16:01.961488842Z,2026-04-16T19:43:33Z,17.95064,lat,event,ignoff,32244
,_result,117898,2026-04-16T19:16:01.961488842Z,2026-04-16T20:16:01.961488842Z,2026-04-16T19:44:03Z,17.95263,lat,event,ignoff,32244
,_result,117898,2026-04-16T19:16:01.961488842Z,2026-04-16T20:16:01.961488842Z,2026-04-16T19:45:13Z,17.9538,lat,event,ignoff,32244
,_result,117899,2026-04-16T19:16:01.961488842Z,2026-04-16T20:16:01.961488842Z,2026-04-16T19:50:23Z,9109,dev_dist,event,coldet,86098
,_result,117899,2026-04-16T19:16:01.961488842Z,2026-04-16T20:16:01.961488842Z,2026-04-16T19:50:24Z,9109,dev_dist,event,coldet,86098
,_result,117899,2026-04-16T19:16:01.961488842Z,2026-04-16T20:16:01.961488842Z,2026-04-16T19:50:25Z,9109,dev_dist,event,coldet,86098
,_result,117899,2026-04-16T19:16:01.961488842Z,2026-04-16T20:16:01.961488842Z,2026-04-16T19:50:26Z,9109,dev_dist,event,coldet,86098
,_result,117899,2026-04-16T19:16:01.961488842Z,2026-04-16T20:16:01.961488842Z,2026-04-16T19:50:27Z,9109,dev_dist,event,coldet,86098
,_result,117899,2026-04-16T19:16:01.961488842Z,2026-04-16T20:16:01.961488842Z,2026-04-16T19:50:28Z,9109,dev_dist,event,coldet,86098
,_result,117899,2026-04-16T19:16:01.961488842Z,2026-04-16T20:16:01.961488842Z,2026-04-16T19:50:29Z,9109,dev_dist,event,coldet,86098
,_result,117899,2026-04-16T19:16:01.961488842Z,2026-04-16T20:16:01.961488842Z,2026-04-16T19:50:30Z,9109,dev_dist,event,coldet,86098
,_result,117899,2026-04-16T19:16:01.961488842Z,2026-04-16T20:16:01.961488842Z,2026-04-16T19:50:31Z,9109,dev_dist,event,coldet,86098
,_result,117899,2026-04-16T19:16:01.961488842Z,2026-04-16T20:16:01.961488842Z,2026-04-16T19:50:32Z,9109,dev_dist,event,coldet,86098
,_result,117899,2026-04-16T19:16:01.961488842Z,2026-04-16T20:16:01.961488842Z,2026-04-16T19:50:33Z,9109,dev_dist,event,coldet,86098

,result,table,_start,_stop,_time,_value,_field,_measurement,label,vid
,_result,117900,2026-04-16T19:16:01.961488842Z,2026-04-16T20:16:01.961488842Z,2026-04-16T19:22:49Z,liter,vinfo.tank_unit,event,negac,62932

,result,table,_start,_stop,_time,_value,_field,_measurement,label,vid
,_result,117901,2026-04-16T19:16:01.961488842Z,2026-04-16T20:16:01.961488842Z,2026-04-16T19:46:03Z,2476,dev_idle,event,ignoff,83881

,result,table,_start,_stop,_time,_value,_field,_measurement,label,primary_group,primary_name,vid
,_result,117902,2026-04-16T19:16:01.961488842Z,2026-04-16T20:16:01.961488842Z,2026-04-16T19:59:59Z,-99.0964,lon,providers,field_value,38150,36-BJ-9F,86234

,result,table,_start,_stop,_time,_value,_field,_measurement,label,vid
,_result,117903,2026-04-16T19:16:01.961488842Z,2026-04-16T20:16:01.961488842Z,2026-04-16T19:38:23Z,JAANLR853S7201314,vinfo.vin,event,posac,80587

,result,table,_start,_stop,_time,_value,_field,_measurement,label,vid
,_result,117904,2026-04-16T19:16:01.961488842Z,2026-04-16T20:16:01.961488842Z,2026-04-16T19:38:46Z,1788,ecu_rpm,event,ignon,53212
,_result,117904,2026-04-16T19:16:01.961488842Z,2026-04-16T20:16:01.961488842Z,2026-04-16T19:42:45Z,2013,ecu_rpm,event,ignon,53212
,_result,117904,2026-04-16T19:16:01.961488842Z,2026-04-16T20:16:01.961488842Z,2026-04-16T19:44:25Z,1388,ecu_rpm,event,ignon,53212

,result,table,_start,_stop,_time,_value,_field,_measurement,label,primary_group,primary_name,provider,vid
,_result,117905,2026-04-16T19:16:01.961488842Z,2026-04-16T20:16:01.961488842Z,2026-04-16T19:20:51Z,Véhicule activé,label_dscrptn_fr,providers,label_count,38150,31-BM-7K,santrack,86231
,_result,117905,2026-04-16T19:16:01.961488842Z,2026-04-16T20:16:01.961488842Z,2026-04-16T19:57:24Z,undefined,label_dscrptn_fr,providers,label_count,38150,31-BM-7K,santrack,86231
,_result,117905,2026-04-16T19:16:01.961488842Z,2026-04-16T20:16:01.961488842Z,2026-04-16T20:01:41Z,undefined,label_dscrptn_fr,providers,label_count,38150,31-BM-7K,santrack,86231

,result,table,_start,_stop,_time,_value,_field,_measurement,label,vid
,_result,117906,2026-04-16T19:16:01.961488842Z,2026-04-16T20:16:01.961488842Z,2026-04-16T19:20:44Z,179373776,dev_dist,event,spd,82891
,_result,117906,2026-04-16T19:16:01.961488842Z,2026-04-16T20:16:01.961488842Z,2026-04-16T19:50:59Z,179401376,dev_dist,event,spd,82891

,result,table,_start,_stop,_time,_value,_field,_measurement,label,vid
,_result,117907,2026-04-16T19:16:01.961488842Z,2026-04-16T20:16:01.961488842Z,2026-04-16T19:50:21Z,INTERNATIONAL,vinfo.make,event,spd,78192
,_result,117907,2026-04-16T19:16:01.961488842Z,2026-04-16T20:16:01.961488842Z,2026-04-16T19:50:37Z,INTERNATIONAL,vinfo.make,event,spd,78192
,_result,117907,2026-04-16T19:16:01.961488842Z,2026-04-16T20:16:01.961488842Z,2026-04-16T20:08:03Z,INTERNATIONAL,vinfo.make,event,spd,78192
,_result,117907,2026-04-16T19:16:01.961488842Z,2026-04-16T20:16:01.961488842Z,2026-04-16T20:08:21Z,INTERNATIONAL,vinfo.make,event,spd,78192

,result,table,_start,_stop,_time,_value,_field,_measurement,label,vid
,_result,117908,2026-04-16T19:16:01.961488842Z,2026-04-16T20:16:01.961488842Z,2026-04-16T19:29:08Z,1,valid_position,event,ignoff,84215

,result,table,_start,_stop,_time,_value,_field,_measurement,label,vid
,_result,117909,2026-04-16T19:16:01.961488842Z,2026-04-16T20:16:01.961488842Z,2026-04-16T19:33:34Z,864002070368965,vinfo.description,event,ignoff,85206

,result,table,_start,_stop,_time,_value,_field,_measurement,label,vid
,_result,117910,2026-04-16T19:16:01.961488842Z,2026-04-16T20:16:01.961488842Z,2026-04-16T19:37:45Z,0,mph,event,negac,84416
,_result,117910,2026-04-16T19:16:01.961488842Z,2026-04-16T20:16:01.961488842Z,2026-04-16T19:58:20Z,9,mph,event,negac,84416

,result,table,_start,_stop,_time,_value,_field,_measurement,label,primary_group,primary_name,provider,vid
,_result,117911,2026-04-16T19:16:01.961488842Z,2026-04-16T20:16:01.961488842Z,2026-04-16T20:05:28Z,trckpnt,label_type,providers,label_count,38842,MZBER2A45PN396635,pegasus-iot-cloud,86367

,result,table,_start,_stop,_time,_value,_field,_measurement,label,vid
,_result,117912,2026-04-16T19:16:01.961488842Z,2026-04-16T20:16:01.961488842Z,2026-04-16T19:21:22Z,0,dev_ign,event,pwrloss,86364
,_result,117912,2026-04-16T19:16:01.961488842Z,2026-04-16T20:16:01.961488842Z,2026-04-16T19:42:15Z,0,dev_ign,event,pwrloss,86364

,result,table,_start,_stop,_time,_value,_field,_measurement,label,vid
,_result,117913,2026-04-16T19:16:01.961488842Z,2026-04-16T20:16:01.961488842Z,2026-04-16T19:22:49Z,2020,vinfo.year,event,negac,62932

,result,table,_start,_stop,_time,_value,_field,_measurement,label,primary_group,primary_name,vid
,_result,117914,2026-04-16T19:16:01.961488842Z,2026-04-16T20:16:01.961488842Z,2026-04-16T19:59:59Z,40.072565999999995,speed,providers,field_value,38150,31-BM-7K,86231

,result,table,_start,_stop,_time,_value,_field,_measurement,label,vid
,_result,117915,2026-04-16T19:16:01.961488842Z,2026-04-16T20:16:01.961488842Z,2026-04-16T19:50:39Z,8646429481895126,event_id,event,posac,86464
,_result,117915,2026-04-16T19:16:01.961488842Z,2026-04-16T20:16:01.961488842Z,2026-04-16T19:50:53Z,8646429481895170,event_id,event,posac,86464
,_result,117915,2026-04-16T19:16:01.961488842Z,2026-04-16T20:16:01.961488842Z,2026-04-16T19:53:01Z,8646429481896736,event_id,event,posac,86464
,_result,117915,2026-04-16T19:16:01.961488842Z,2026-04-16T20:16:01.961488842Z,2026-04-16T19:53:57Z,8646429483042293,event_id,event,posac,86464
,_result,117915,2026-04-16T19:16:01.961488842Z,2026-04-16T20:16:01.961488842Z,2026-04-16T19:54:24Z,8646429483042353,event_id,event,posac,86464
,_result,117915,2026-04-16T19:16:01.961488842Z,2026-04-16T20:16:01.961488842Z,2026-04-16T19:54:27Z,8646429483042395,event_id,event,posac,86464
,_result,117915,2026-04-16T19:16:01.961488842Z,2026-04-16T20:16:01.961488842Z,2026-04-16T19:54:29Z,8646429483042415,event_id,event,posac,86464
,_result,117915,2026-04-16T19:16:01.961488842Z,2026-04-16T20:16:01.961488842Z,2026-04-16T19:54:49Z,8646429483042478,event_id,event,posac,86464
,_result,117915,2026-04-16T19:16:01.961488842Z,2026-04-16T20:16:01.961488842Z,2026-04-16T19:54:51Z,8646429483042499,event_id,event,posac,86464
,_result,117915,2026-04-16T19:16:01.961488842Z,2026-04-16T20:16:01.961488842Z,2026-04-16T19:54:59Z,8646429483043381,event_id,event,posac,86464
,_result,117915,2026-04-16T19:16:01.961488842Z,2026-04-16T20:16:01.961488842Z,2026-04-16T19:55:03Z,8646429483043404,event_id,event,posac,86464
,_result,117915,2026-04-16T19:16:01.961488842Z,2026-04-16T20:16:01.961488842Z,2026-04-16T19:55:37Z,8646429483043518,event_id,event,posac,86464
,_result,117915,2026-04-16T19:16:01.961488842Z,2026-04-16T20:16:01.961488842Z,2026-04-16T19:56:24Z,8646429483043622,event_id,event,posac,86464
,_result,117916,2026-04-16T19:16:01.961488842Z,2026-04-16T20:16:01.961488842Z,2026-04-16T19:45:55Z,46569,dev_ign,event,negac,85197
,_result,117916,2026-04-16T19:16:01.961488842Z,2026-04-16T20:16:01.961488842Z,2026-04-16T19:49:28Z,46782,dev_ign,event,negac,85197
,_result,117916,2026-04-16T19:16:01.961488842Z,2026-04-16T20:16:01.961488842Z,2026-04-16T19:50:05Z,46819,dev_ign,event,negac,85197
,_result,117917,2026-04-16T19:16:01.961488842Z,2026-04-16T20:16:01.961488842Z,2026-04-16T19:38:46Z,14,mph,event,ignon,53212
,_result,117917,2026-04-16T19:16:01.961488842Z,2026-04-16T20:16:01.961488842Z,2026-04-16T19:42:45Z,21,mph,event,ignon,53212
,_result,117917,2026-04-16T19:16:01.961488842Z,2026-04-16T20:16:01.961488842Z,2026-04-16T19:44:25Z,0,mph,event,ignon,53212
,_result,117918,2026-04-16T19:16:01.961488842Z,2026-04-16T20:16:01.961488842Z,2026-04-16T19:22:49Z,-103.2625,lon,event,negac,62932
,_result,117919,2026-04-16T19:16:01.961488842Z,2026-04-16T20:16:01.961488842Z,2026-04-16T19:30:23Z,7930212,dev_dist,event,ignoff,32244
,_result,117919,2026-04-16T19:16:01.961488842Z,2026-04-16T20:16:01.961488842Z,2026-04-16T19:37:03Z,7935508,dev_dist,event,ignoff,32244
,_result,117919,2026-04-16T19:16:01.961488842Z,2026-04-16T20:16:01.961488842Z,2026-04-16T19:39:23Z,7936406,dev_dist,event,ignoff,32244
,_result,117919,2026-04-16T19:16:01.961488842Z,2026-04-16T20:16:01.961488842Z,2026-04-16T19:40:43Z,7936752,dev_dist,event,ignoff,32244
,_result,117919,2026-04-16T19:16:01.961488842Z,2026-04-16T20:16:01.961488842Z,2026-04-16T19:41:43Z,7936931,dev_dist,event,ignoff,32244
,_result,117919,2026-04-16T19:16:01.961488842Z,2026-04-16T20:16:01.961488842Z,2026-04-16T19:42:13Z,7936936,dev_dist,event,ignoff,32244
,_result,117919,2026-04-16T19:16:01.961488842Z,2026-04-16T20:16:01.961488842Z,2026-04-16T19:42:53Z,7936981,dev_dist,event,ignoff,32244
,_result,117919,2026-04-16T19:16:01.961488842Z,2026-04-16T20:16:01.961488842Z,2026-04-16T19:43:33Z,7937040,dev_dist,event,ignoff,32244
,_result,117919,2026-04-16T19:16:01.961488842Z,2026-04-16T20:16:01.961488842Z,2026-04-16T19:44:03Z,7937247,dev_dist,event,ignoff,32244
,_result,117919,2026-04-16T19:16:01.961488842Z,2026-04-16T20:16:01.961488842Z,2026-04-16T19:45:13Z,7937390,dev_dist,event,ignoff,32244
,_result,117920,2026-04-16T19:16:01.961488842Z,2026-04-16T20:16:01.961488842Z,2026-04-16T19:27:43Z,0,kph,event,ignon,84540
,_result,117921,2026-04-16T19:16:01.961488842Z,2026-04-16T20:16:01.961488842Z,2026-04-16T19:56:39Z,8646429483043687,event_id,event,pwrloss,86464
,_result,117922,2026-04-16T19:16:01.961488842Z,2026-04-16T20:16:01.961488842Z,2026-04-16T19:19:45Z,1188.0189998149872,dev_idle,event,posac,85999
,_result,117923,2026-04-16T19:16:01.961488842Z,2026-04-16T20:16:01.961488842Z,2026-04-16T20:13:37Z,256,pid,event,pwrloss,73756
,_result,117924,2026-04-16T19:16:01.961488842Z,2026-04-16T20:16:01.961488842Z,2026-04-16T19:21:22Z,-99.09791,lon,event,pwrloss,86364
,_result,117924,2026-04-16T19:16:01.961488842Z,2026-04-16T20:16:01.961488842Z,2026-04-16T19:42:15Z,-99.08756,lon,event,pwrloss,86364

,result,table,_start,_stop,_time,_value,_field,_measurement,label,vid
,_result,117925,2026-04-16T19:16:01.961488842Z,2026-04-16T20:16:01.961488842Z,2026-04-16T19:18:01Z,866314061707764,vinfo.description,event,spd,84977
,_result,117925,2026-04-16T19:16:01.961488842Z,2026-04-16T20:16:01.961488842Z,2026-04-16T19:18:04Z,866314061707764,vinfo.description,event,spd,84977
,_result,117925,2026-04-16T19:16:01.961488842Z,2026-04-16T20:16:01.961488842Z,2026-04-16T19:35:44Z,866314061707764,vinfo.description,event,spd,84977
,_result,117925,2026-04-16T19:16:01.961488842Z,2026-04-16T20:16:01.961488842Z,2026-04-16T19:35:49Z,866314061707764,vinfo.description,event,spd,84977
,_result,117925,2026-04-16T19:16:01.961488842Z,2026-04-16T20:16:01.961488842Z,2026-04-16T19:36:32Z,866314061707764,vinfo.description,event,spd,84977
,_result,117925,2026-04-16T19:16:01.961488842Z,2026-04-16T20:16:01.961488842Z,2026-04-16T19:36:37Z,866314061707764,vinfo.description,event,spd,84977
,_result,117925,2026-04-16T19:16:01.961488842Z,2026-04-16T20:16:01.961488842Z,2026-04-16T19:41:58Z,866314061707764,vinfo.description,event,spd,84977
,_result,117925,2026-04-16T19:16:01.961488842Z,2026-04-16T20:16:01.961488842Z,2026-04-16T19:42:09Z,866314061707764,vinfo.description,event,spd,84977
,_result,117925,2026-04-16T19:16:01.961488842Z,2026-04-16T20:16:01.961488842Z,2026-04-16T19:42:27Z,866314061707764,vinfo.description,event,spd,84977
,_result,117925,2026-04-16T19:16:01.961488842Z,2026-04-16T20:16:01.961488842Z,2026-04-16T19:42:47Z,866314061707764,vinfo.description,event,spd,84977
,_result,117925,2026-04-16T19:16:01.961488842Z,2026-04-16T20:16:01.961488842Z,2026-04-16T19:43:08Z,866314061707764,vinfo.description,event,spd,84977
,_result,117925,2026-04-16T19:16:01.961488842Z,2026-04-16T20:16:01.961488842Z,2026-04-16T19:43:15Z,866314061707764,vinfo.description,event,spd,84977
,_result,117925,2026-04-16T19:16:01.961488842Z,2026-04-16T20:16:01.961488842Z,2026-04-16T19:43:18Z,866314061707764,vinfo.description,event,spd,84977
,_result,117925,2026-04-16T19:16:01.961488842Z,2026-04-16T20:16:01.961488842Z,2026-04-16T19:44:56Z,866314061707764,vinfo.description,event,spd,84977
,_result,117925,2026-04-16T19:16:01.961488842Z,2026-04-16T20:16:01.961488842Z,2026-04-16T19:45:04Z,866314061707764,vinfo.description,event,spd,84977
,_result,117925,2026-04-16T19:16:01.961488842Z,2026-04-16T20:16:01.961488842Z,2026-04-16T19:45:49Z,866314061707764,vinfo.description,event,spd,84977
,_result,117925,2026-04-16T19:16:01.961488842Z,2026-04-16T20:16:01.961488842Z,2026-04-16T19:45:58Z,866314061707764,vinfo.description,event,spd,84977
,_result,117925,2026-04-16T19:16:01.961488842Z,2026-04-16T20:16:01.961488842Z,2026-04-16T19:46:00Z,866314061707764,vinfo.description,event,spd,84977
,_result,117925,2026-04-16T19:16:01.961488842Z,2026-04-16T20:16:01.961488842Z,2026-04-16T19:46:07Z,866314061707764,vinfo.description,event,spd,84977
,_result,117925,2026-04-16T19:16:01.961488842Z,2026-04-16T20:16:01.961488842Z,2026-04-16T19:46:15Z,866314061707764,vinfo.description,event,spd,84977

,result,table,_start,_stop,_time,_value,_field,_measurement,label,vid
,_result,117926,2026-04-16T19:16:01.961488842Z,2026-04-16T20:16:01.961488842Z,2026-04-16T19:16:56Z,0,valid_position,event,negac,84977
,_result,117926,2026-04-16T19:16:01.961488842Z,2026-04-16T20:16:01.961488842Z,2026-04-16T19:18:33Z,0,valid_position,event,negac,84977
,_result,117926,2026-04-16T19:16:01.961488842Z,2026-04-16T20:16:01.961488842Z,2026-04-16T19:19:00Z,0,valid_position,event,negac,84977
,_result,117926,2026-04-16T19:16:01.961488842Z,2026-04-16T20:16:01.961488842Z,2026-04-16T19:19:50Z,0,valid_position,event,negac,84977
,_result,117926,2026-04-16T19:16:01.961488842Z,2026-04-16T20:16:01.961488842Z,2026-04-16T19:38:27Z,0,valid_position,event,negac,84977

,result,table,_start,_stop,_time,_value,_field,_measurement,label,primary_group,primary_name,vid
,_result,117927,2026-04-16T19:16:01.961488842Z,2026-04-16T20:16:01.961488842Z,2026-04-16T19:59:59Z,530066,dev_dist,providers,field_value,19867,025-594,86463

,result,table,_start,_stop,_time,_value,_field,_measurement,label,vid
,_result,117928,2026-04-16T19:16:01.961488842Z,2026-04-16T20:16:01.961488842Z,2026-04-16T19:47:50Z,2026-04-16T19:47:50+00:00,event_time,event,ignoff,83558
,_result,117929,2026-04-16T19:16:01.961488842Z,2026-04-16T20:16:01.961488842Z,2026-04-16T19:53:41Z,CHQ-718,primary_name,event,spd,84458
,_result,117929,2026-04-16T19:16:01.961488842Z,2026-04-16T20:16:01.961488842Z,2026-04-16T19:53:57Z,CHQ-718,primary_name,event,spd,84458
,_result,117929,2026-04-16T19:16:01.961488842Z,2026-04-16T20:16:01.961488842Z,2026-04-16T19:55:57Z,CHQ-718,primary_name,event,spd,84458

,result,table,_start,_stop,_time,_value,_field,_measurement,label,vid
,_result,117930,2026-04-16T19:16:01.961488842Z,2026-04-16T20:16:01.961488842Z,2026-04-16T19:18:16Z,62,mph,event,spd,83999
,_result,117931,2026-04-16T19:16:01.961488842Z,2026-04-16T20:16:01.961488842Z,2026-04-16T19:31:52Z,-14.06625,lat,event,negac,83753
,_result,117931,2026-04-16T19:16:01.961488842Z,2026-04-16T20:16:01.961488842Z,2026-04-16T19:56:18Z,-14.04975,lat,event,negac,83753
,_result,117932,2026-04-16T19:16:01.961488842Z,2026-04-16T20:16:01.961488842Z,2026-04-16T19:32:45Z,8289129481638775,event_id,event,posac,82891
,_result,117933,2026-04-16T19:16:01.961488842Z,2026-04-16T20:16:01.961488842Z,2026-04-16T20:07:30Z,4046,bl,event,mov,86528
,_result,117933,2026-04-16T19:16:01.961488842Z,2026-04-16T20:16:01.961488842Z,2026-04-16T20:11:49Z,4052,bl,event,mov,86528
,_result,117934,2026-04-16T19:16:01.961488842Z,2026-04-16T20:16:01.961488842Z,2026-04-16T19:17:57Z,-99.11142,lon,event,posac,86463
,_result,117934,2026-04-16T19:16:01.961488842Z,2026-04-16T20:16:01.961488842Z,2026-04-16T19:18:17Z,-99.11116,lon,event,posac,86463
,_result,117934,2026-04-16T19:16:01.961488842Z,2026-04-16T20:16:01.961488842Z,2026-04-16T19:18:31Z,-99.10956,lon,event,posac,86463
,_result,117934,2026-04-16T19:16:01.961488842Z,2026-04-16T20:16:01.961488842Z,2026-04-16T19:18:34Z,-99.10906,lon,event,posac,86463
,_result,117934,2026-04-16T19:16:01.961488842Z,2026-04-16T20:16:01.961488842Z,2026-04-16T19:18:51Z,-99.10748,lon,event,posac,86463
,_result,117934,2026-04-16T19:16:01.961488842Z,2026-04-16T20:16:01.961488842Z,2026-04-16T19:19:05Z,-99.10655,lon,event,posac,86463
,_result,117934,2026-04-16T19:16:01.961488842Z,2026-04-16T20:16:01.961488842Z,2026-04-16T19:19:13Z,-99.10594,lon,event,posac,86463
,_result,117934,2026-04-16T19:16:01.961488842Z,2026-04-16T20:16:01.961488842Z,2026-04-16T19:19:21Z,-99.10533,lon,event,posac,86463
,_result,117934,2026-04-16T19:16:01.961488842Z,2026-04-16T20:16:01.961488842Z,2026-04-16T19:19:39Z,-99.10408,lon,event,posac,86463
,_result,117934,2026-04-16T19:16:01.961488842Z,2026-04-16T20:16:01.961488842Z,2026-04-16T19:19:43Z,-99.10367,lon,event,posac,86463
,_result,117934,2026-04-16T19:16:01.961488842Z,2026-04-16T20:16:01.961488842Z,2026-04-16T19:19:57Z,-99.10208,lon,event,posac,86463
,_result,117934,2026-04-16T19:16:01.961488842Z,2026-04-16T20:16:01.961488842Z,2026-04-16T19:20:00Z,-99.10182,lon,event,posac,86463
,_result,117934,2026-04-16T19:16:01.961488842Z,2026-04-16T20:16:01.961488842Z,2026-04-16T19:20:18Z,-99.10022,lon,event,posac,86463
,_result,117934,2026-04-16T19:16:01.961488842Z,2026-04-16T20:16:01.961488842Z,2026-04-16T19:20:24Z,-99.09983,lon,event,posac,86463
,_result,117934,2026-04-16T19:16:01.961488842Z,2026-04-16T20:16:01.961488842Z,2026-04-16T19:20:25Z,-99.09963,lon,event,posac,86463
,_result,117934,2026-04-16T19:16:01.961488842Z,2026-04-16T20:16:01.961488842Z,2026-04-16T19:38:11Z,-99.0905,lon,event,posac,86463
,_result,117934,2026-04-16T19:16:01.961488842Z,2026-04-16T20:16:01.961488842Z,2026-04-16T19:38:14Z,-99.09062,lon,event,posac,86463
,_result,117934,2026-04-16T19:16:01.961488842Z,2026-04-16T20:16:01.961488842Z,2026-04-16T19:38:16Z,-99.09074,lon,event,posac,86463
,_result,117934,2026-04-16T19:16:01.961488842Z,2026-04-16T20:16:01.961488842Z,2026-04-16T19:38:23Z,-99.09125,lon,event,posac,86463
,_result,117934,2026-04-16T19:16:01.961488842Z,2026-04-16T20:16:01.961488842Z,2026-04-16T19:38:24Z,-99.0914,lon,event,posac,86463

,result,table,_start,_stop,_time,_value,_field,_measurement,label,vid
,_result,117935,2026-04-16T19:16:01.961488842Z,2026-04-16T20:16:01.961488842Z,2026-04-16T19:32:45Z,863457051649158,vinfo.description,event,posac,82891

,result,table,_start,_stop,_time,_value,_field,_measurement,label,vid
,_result,117936,2026-04-16T19:16:01.961488842Z,2026-04-16T20:16:01.961488842Z,2026-04-16T19:21:22Z,0,dev_idle,event,pwrloss,86463
,_result,117936,2026-04-16T19:16:01.961488842Z,2026-04-16T20:16:01.961488842Z,2026-04-16T19:42:15Z,0,dev_idle,event,pwrloss,86463

,result,table,_start,_stop,_time,_value,_field,_measurement,label,primary_group,primary_name,vid
,_result,117937,2026-04-16T19:16:01.961488842Z,2026-04-16T20:16:01.961488842Z,2026-04-16T19:59:59Z,439.8574055380526,comdelay,providers,field_value,19867,025-594,86463

,result,table,_start,_stop,_time,_value,_field,_measurement,label,primary_group,primary_name,vid
,_result,117938,2026-04-16T19:16:01.961488842Z,2026-04-16T20:16:01.961488842Z,2026-04-16T19:59:59Z,2113,dev_ign,providers,field_value,42274,1XKYDP9X0JJ227396,86494

,result,table,_start,_stop,_time,_value,_field,_measurement,label,vid
,_result,117939,2026-04-16T19:16:01.961488842Z,2026-04-16T20:16:01.961488842Z,2026-04-16T20:15:12Z,76808.1990044117,dev_ign,event,idl,80455
,_result,117940,2026-04-16T19:16:01.961488842Z,2026-04-16T20:16:01.961488842Z,2026-04-16T19:17:11Z,299.99999999999994,ecu_eidle,event,ignon,61646
,_result,117940,2026-04-16T19:16:01.961488842Z,2026-04-16T20:16:01.961488842Z,2026-04-16T19:19:01Z,299.99999999999994,ecu_eidle,event,ignon,61646
,_result,117940,2026-04-16T19:16:01.961488842Z,2026-04-16T20:16:01.961488842Z,2026-04-16T19:21:31Z,299.99999999999994,ecu_eidle,event,ignon,61646
,_result,117940,2026-04-16T19:16:01.961488842Z,2026-04-16T20:16:01.961488842Z,2026-04-16T19:21:51Z,299.99999999999994,ecu_eidle,event,ignon,61646
,_result,117940,2026-04-16T19:16:01.961488842Z,2026-04-16T20:16:01.961488842Z,2026-04-16T19:22:31Z,299.99999999999994,ecu_eidle,event,ignon,61646
,_result,117940,2026-04-16T19:16:01.961488842Z,2026-04-16T20:16:01.961488842Z,2026-04-16T19:23:21Z,299.99999999999994,ecu_eidle,event,ignon,61646
,_result,117940,2026-04-16T19:16:01.961488842Z,2026-04-16T20:16:01.961488842Z,2026-04-16T19:23:50Z,299.99999999999994,ecu_eidle,event,ignon,61646
,_result,117940,2026-04-16T19:16:01.961488842Z,2026-04-16T20:16:01.961488842Z,2026-04-16T19:24:20Z,299.99999999999994,ecu_eidle,event,ignon,61646
,_result,117940,2026-04-16T19:16:01.961488842Z,2026-04-16T20:16:01.961488842Z,2026-04-16T19:25:40Z,299.99999999999994,ecu_eidle,event,ignon,61646
,_result,117940,2026-04-16T19:16:01.961488842Z,2026-04-16T20:16:01.961488842Z,2026-04-16T19:26:10Z,299.99999999999994,ecu_eidle,event,ignon,61646
,_result,117940,2026-04-16T19:16:01.961488842Z,2026-04-16T20:16:01.961488842Z,2026-04-16T19:26:50Z,299.99999999999994,ecu_eidle,event,ignon,61646
,_result,117940,2026-04-16T19:16:01.961488842Z,2026-04-16T20:16:01.961488842Z,2026-04-16T19:27:30Z,299.99999999999994,ecu_eidle,event,ignon,61646
,_result,117940,2026-04-16T19:16:01.961488842Z,2026-04-16T20:16:01.961488842Z,2026-04-16T19:28:20Z,299.99999999999994,ecu_eidle,event,ignon,61646
,_result,117940,2026-04-16T19:16:01.961488842Z,2026-04-16T20:16:01.961488842Z,2026-04-16T19:29:56Z,299.99999999999994,ecu_eidle,event,ignon,61646
,_result,117940,2026-04-16T19:16:01.961488842Z,2026-04-16T20:16:01.961488842Z,2026-04-16T19:30:30Z,299.99999999999994,ecu_eidle,event,ignon,61646
,_result,117940,2026-04-16T19:16:01.961488842Z,2026-04-16T20:16:01.961488842Z,2026-04-16T19:31:20Z,299.99999999999994,ecu_eidle,event,ignon,61646
,_result,117940,2026-04-16T19:16:01.961488842Z,2026-04-16T20:16:01.961488842Z,2026-04-16T19:32:50Z,299.99999999999994,ecu_eidle,event,ignon,61646
,_result,117940,2026-04-16T19:16:01.961488842Z,2026-04-16T20:16:01.961488842Z,2026-04-16T19:35:50Z,299.99999999999994,ecu_eidle,event,ignon,61646
,_result,117940,2026-04-16T19:16:01.961488842Z,2026-04-16T20:16:01.961488842Z,2026-04-16T19:36:58Z,299.99999999999994,ecu_eidle,event,ignon,61646
,_result,117940,2026-04-16T19:16:01.961488842Z,2026-04-16T20:16:01.961488842Z,2026-04-16T19:37:40Z,299.99999999999994,ecu_eidle,event,ignon,61646
,_result,117941,2026-04-16T19:16:01.961488842Z,2026-04-16T20:16:01.961488842Z,2026-04-16T19:55:08Z,-76.42704,lon,event,ignon,84832
,_result,117942,2026-04-16T19:16:01.961488842Z,2026-04-16T20:16:01.961488842Z,2026-04-16T19:38:23Z,-99.46756,lon,event,posac,80587

,result,table,_start,_stop,_time,_value,_field,_measurement,label,vid
,_result,117943,2026-04-16T19:16:01.961488842Z,2026-04-16T20:16:01.961488842Z,2026-04-16T19:16:56Z,866314061707764,vinfo.description,event,negac,84977
,_result,117943,2026-04-16T19:16:01.961488842Z,2026-04-16T20:16:01.961488842Z,2026-04-16T19:18:33Z,866314061707764,vinfo.description,event,negac,84977
,_result,117943,2026-04-16T19:16:01.961488842Z,2026-04-16T20:16:01.961488842Z,2026-04-16T19:19:00Z,866314061707764,vinfo.description,event,negac,84977
,_result,117943,2026-04-16T19:16:01.961488842Z,2026-04-16T20:16:01.961488842Z,2026-04-16T19:19:50Z,866314061707764,vinfo.description,event,negac,84977
,_result,117943,2026-04-16T19:16:01.961488842Z,2026-04-16T20:16:01.961488842Z,2026-04-16T19:38:27Z,866314061707764,vinfo.description,event,negac,84977

,result,table,_start,_stop,_time,_value,_field,_measurement,label,vid
,_result,117944,2026-04-16T19:16:01.961488842Z,2026-04-16T20:16:01.961488842Z,2026-04-16T19:50:39Z,747691,dev_dist,event,posac,86365
,_result,117944,2026-04-16T19:16:01.961488842Z,2026-04-16T20:16:01.961488842Z,2026-04-16T19:50:53Z,747708,dev_dist,event,posac,86365
,_result,117944,2026-04-16T19:16:01.961488842Z,2026-04-16T20:16:01.961488842Z,2026-04-16T19:53:01Z,747891,dev_dist,event,posac,86365
,_result,117944,2026-04-16T19:16:01.961488842Z,2026-04-16T20:16:01.961488842Z,2026-04-16T19:53:57Z,747983,dev_dist,event,posac,86365
,_result,117944,2026-04-16T19:16:01.961488842Z,2026-04-16T20:16:01.961488842Z,2026-04-16T19:54:24Z,748060,dev_dist,event,posac,86365
,_result,117944,2026-04-16T19:16:01.961488842Z,2026-04-16T20:16:01.961488842Z,2026-04-16T19:54:27Z,748070,dev_dist,event,posac,86365
,_result,117944,2026-04-16T19:16:01.961488842Z,2026-04-16T20:16:01.961488842Z,2026-04-16T19:54:29Z,748070,dev_dist,event,posac,86365
,_result,117944,2026-04-16T19:16:01.961488842Z,2026-04-16T20:16:01.961488842Z,2026-04-16T19:54:49Z,748310,dev_dist,event,posac,86365
,_result,117944,2026-04-16T19:16:01.961488842Z,2026-04-16T20:16:01.961488842Z,2026-04-16T19:54:51Z,748310,dev_dist,event,posac,86365
,_result,117944,2026-04-16T19:16:01.961488842Z,2026-04-16T20:16:01.961488842Z,2026-04-16T19:54:59Z,748387,dev_dist,event,posac,86365
,_result,117944,2026-04-16T19:16:01.961488842Z,2026-04-16T20:16:01.961488842Z,2026-04-16T19:55:03Z,748387,dev_dist,event,posac,86365
,_result,117944,2026-04-16T19:16:01.961488842Z,2026-04-16T20:16:01.961488842Z,2026-04-16T19:55:37Z,748666,dev_dist,event,posac,86365
,_result,117944,2026-04-16T19:16:01.961488842Z,2026-04-16T20:16:01.961488842Z,2026-04-16T19:56:24Z,748753,dev_dist,event,posac,86365

,result,table,_start,_stop,_time,_value,_field,_measurement,label,vid
,_result,117945,2026-04-16T19:16:01.961488842Z,2026-04-16T20:16:01.961488842Z,2026-04-16T20:13:37Z,2026-04-16T20:13:37+00:00,event_time,event,pwrloss,73756

,result,table,_start,_stop,_time,_value,_field,_measurement,label,vid
,_result,117946,2026-04-16T19:16:01.961488842Z,2026-04-16T20:16:01.961488842Z,2026-04-16T20:15:12Z,19.53528,lat,event,idl,80455
,_result,117947,2026-04-16T19:16:01.961488842Z,2026-04-16T20:16:01.961488842Z,2026-04-16T19:20:06Z,0,mph,event,ignon,85137

,result,table,_start,_stop,_time,_value,_field,_measurement,label,primary_group,primary_name,vid
,_result,117948,2026-04-16T19:16:01.961488842Z,2026-04-16T20:16:01.961488842Z,2026-04-16T19:59:59Z,0,dev_idle,providers,field_value,19867,025-594,86463
,_result,117949,2026-04-16T19:16:01.961488842Z,2026-04-16T20:16:01.961488842Z,2026-04-16T19:59:59Z,472560240038234,device_id,providers,field_value,19867,025-594,86463

,result,table,_start,_stop,_time,_value,_field,_measurement,label,vid
,_result,117950,2026-04-16T19:16:01.961488842Z,2026-04-16T20:16:01.961488842Z,2026-04-16T19:57:59Z,336,dev_idle,event,negac,85130
,_result,117951,2026-04-16T19:16:01.961488842Z,2026-04-16T20:16:01.961488842Z,2026-04-16T19:20:14Z,102,kph,event,spd,84371

➜  TSPiFrame 